study_id,citation_short,on_website,file
abc1e750e82809237_s1,Allen et al. (2023),YES,Allen_et_al_2023__abc1e750e82809237_s1.md
ae193b47767bcea7b_s1,Allen et al. (2023),YES,Allen_et_al_2023__ae193b47767bcea7b_s1.md
ae20b03d9449119c0_s1,Allen et al. (2024),YES,Allen_et_al_2024__ae20b03d9449119c0_s1.md
a1cf8e25627c14bde_s1,Allidina & Cunningham (2021),YES,Allidina_Cunningham_2021__a1cf8e25627c14bde_s1.md
a44cda9eb501547e6_s1,Allidina (2018),YES,Allidina_2018__a44cda9eb501547e6_s1.md
a76db468de82a4657_s1,Allidina (2023),YES,Allidina_2023__a76db468de82a4657_s1.md
a549906e29a2f9bf5_s1,Allidina et al. (2025),YES,Allidina_et_al_2025__a549906e29a2f9bf5_s1.md
a549906e29a2f9bf5_s2,Allidina et al. (2025),YES,Allidina_et_al_2025__a549906e29a2f9bf5_s2.md
a549906e29a2f9bf5_s3,Allidina et al. (2025),YES,Allidina_et_al_2025__a549906e29a2f9bf5_s3.md
ae55e9533511109cd_s1,Anlló et al. (2024),YES,Anll_et_al_2024__ae55e9533511109cd_s1.md
ae55e9533511109cd_s2,Anlló et al. (2024),YES,Anll_et_al_2024__ae55e9533511109cd_s2.md
ad1a6e903ea4d2f38_s1,Apps et al. (2015),YES,Apps_et_al_2015__ad1a6e903ea4d2f38_s1.md
a80c37dd74c4998a4_s1,Aquino (2022),NO,Aquino_2022__a80c37dd74c4998a4_s1.md
ad1a881a7ce1349fe_s1,Aquino et al. (2020),YES,Aquino_et_al_2020__ad1a881a7ce1349fe_s1.md
ac490d4a134a2a23a_s1,Arbel et al. (2024),YES,Arbel_et_al_2024__ac490d4a134a2a23a_s1.md
a1d48d8ad0e3d0d03_s1,Arslan et al. (2017),YES,Arslan_et_al_2017__a1d48d8ad0e3d0d03_s1.md
a5b2c0aa182d22e77_s1,Atlas et al. (2016),YES,Atlas_et_al_2016__a5b2c0aa182d22e77_s1.md
ae90896dda8a10f7a_s1,Avdic et al. (2023),YES,Avdic_et_al_2023__ae90896dda8a10f7a_s1.md
a2cdcaf4b59eacb91_s1,Babur et al. (2024),YES,Babur_et_al_2024__a2cdcaf4b59eacb91_s1.md
a72ee534eb86c7c7b_s1,Bai et al. (2022),YES,Bai_et_al_2022__a72ee534eb86c7c7b_s1.md
a95eb220fdbe63dcd_s1,Bang et al. (2017),YES,Bang_et_al_2017__a95eb220fdbe63dcd_s1.md
ad7b44d47520e9e12_s1,Bang et al. (2022),YES,Bang_et_al_2022__ad7b44d47520e9e12_s1.md
a525b90f489739776_s1,Barnby (2021),NO,Barnby_2021__a525b90f489739776_s1.md
a2b27883579d6f342_s1,Barnby et al. (2020),YES,Barnby_et_al_2020__a2b27883579d6f342_s1.md
afd606b4dc8edcad1_s1,Barnby et al. (2022),YES,Barnby_et_al_2022__afd606b4dc8edcad1_s1.md
a22a39917d0dd8ed8_s1,Barnby et al. (2024),YES,Barnby_et_al_2024__a22a39917d0dd8ed8_s1.md
a6e0cdae5974d3b41_s1,Barnby et al. (2025),YES,Barnby_et_al_2025__a6e0cdae5974d3b41_s1.md
affdf48c264a99879_s1,Bass (2021),YES,Bass_2021__affdf48c264a99879_s1.md
affdf48c264a99879_s2,Bass (2021),YES,Bass_2021__affdf48c264a99879_s2.md
affdf48c264a99879_s3,Bass (2021),YES,Bass_2021__affdf48c264a99879_s3.md
a204653ce20c31792_s1,Becker et al. (2017),YES,Becker_et_al_2017__a204653ce20c31792_s1.md
a0cdccddf2144a383_s1,Becker et al. (2019),YES,Becker_et_al_2019__a0cdccddf2144a383_s1.md
ab722870328c9d745_s1,Behrens et al. (2008),YES,Behrens_et_al_2008__ab722870328c9d745_s1.md
a1d61851931124089_s1,Bellebaum et al. (2012),YES,Bellebaum_et_al_2012__a1d61851931124089_s1.md
aec707b4aaa70bb2e_s1,Bellebaum et al. (2012),YES,Bellebaum_et_al_2012__aec707b4aaa70bb2e_s1.md
a9314fd573def5ba4_s1,Bellucci & Park (2020),YES,Bellucci_Park_2020__a9314fd573def5ba4_s1.md
a0c8ea17d52248403_s1,Bellucci & Park (2023),YES,Bellucci_Park_2023__a0c8ea17d52248403_s1.md
a8286f527041f9a9a_s1,Beltzer et al. (2023),YES,Beltzer_et_al_2023__a8286f527041f9a9a_s1.md
a6775e847c8afacd3_s1,Benistant et al.,YES,Benistant_et_al__a6775e847c8afacd3_s1.md
a3e50173a79c7cd03_s1,Benistant et al. (2024),YES,Benistant_et_al_2024__a3e50173a79c7cd03_s1.md
aec5330e361394fc7_s1,Biele et al. (2011),YES,Biele_et_al_2011__aec5330e361394fc7_s1.md
a6e960f86a4bc326f_s1,Blanchard et al. (2020),YES,Blanchard_et_al_2020__a6e960f86a4bc326f_s1.md
aa7d5ff60fbdb2268_s1,Bos et al. (2013),YES,Bos_et_al_2013__aa7d5ff60fbdb2268_s1.md
a00410a50b2a7157b_s1,Bradley et al. (2020),YES,Bradley_et_al_2020__a00410a50b2a7157b_s1.md
abbaa5732e78c069d_s1,Bray & Doherty (2007),YES,Bray_Doherty_2007__abbaa5732e78c069d_s1.md
a89fcd76a5ec248ed_s1,Brazil (2013),YES,Brazil_2013__a89fcd76a5ec248ed_s1.md
afb81d7b37c8d463a_s1,Buades-Rotger et al. (2023),YES,Buades_Rotger_et_al_2023__afb81d7b37c8d463a_s1.md
afd0df0cd14192101_s1,Buehler et al. (2025),YES,Buehler_et_al_2025__afd0df0cd14192101_s1.md
a5410643e38a591ad_s1,Buritica (2016),YES,Buritica_2016__a5410643e38a591ad_s1.md
a0a3915bf66efa3e5_s1,Buritica et al. (2019),YES,Buritica_et_al_2019__a0a3915bf66efa3e5_s1.md
a6404fb3831ef9006_s1,Buritica et al. (2024),YES,Buritica_et_al_2024__a6404fb3831ef9006_s1.md
aa792de35f80feb74_s1,Burke et al. (2016),YES,Burke_et_al_2016__aa792de35f80feb74_s1.md
a286a3f21983708d7_s1,Burnside et al. (2019),YES,Burnside_et_al_2019__a286a3f21983708d7_s1.md
ab9129a02398500c2_s1,Camerer & Ho (1999),YES,Camerer_Ho_1999__ab9129a02398500c2_s1.md
a6282feec6a507024_s1,Campbell-Meiklejohn et al. (2010),YES,Campbell_Meiklejohn_et_al_2010__a6282feec6a507024_s1.md
aa9ddd5acc0c507a5_s1,Carrignon et al. (2020),YES,Carrignon_et_al_2020__aa9ddd5acc0c507a5_s1.md
a0478e24d2be31cbd_s1,Carvalheiro et al. (2021),YES,Carvalheiro_et_al_2021__a0478e24d2be31cbd_s1.md
aa81b9b0bc29c1c9b_s1,Castanon et al. (2023),YES,Castanon_et_al_2023__aa81b9b0bc29c1c9b_s1.md
ac739eb9ee61d9c5a_s1,Cavanagh et al. (2011),YES,Cavanagh_et_al_2011__ac739eb9ee61d9c5a_s1.md
a8a8de79a9824ebef_s1,Chackochan & Sanguineti (2019),YES,Chackochan_Sanguineti_2019__a8a8de79a9824ebef_s1.md
a6e4643b5be9b53d0_s1,Chang et al. (2010),YES,Chang_et_al_2010__a6e4643b5be9b53d0_s1.md
a5dd8a3151396baf3_s1,Charpentier et al. (2019),YES,Charpentier_et_al_2019__a5dd8a3151396baf3_s1.md
a0f2e0862f7be225c_s1,Charpentier et al. (2020),YES,Charpentier_et_al_2020__a0f2e0862f7be225c_s1.md
afd5b711e4d35db97_s1,Charpentier et al. (2024),YES,Charpentier_et_al_2024__afd5b711e4d35db97_s1.md
a9848c84183aa4aea_s1,Chen & Krajbich (2017),YES,Chen_Krajbich_2017__a9848c84183aa4aea_s1.md
a72733d5dd128ea96_s1,Chen et al. (2024),YES,Chen_et_al_2024__a72733d5dd128ea96_s1.md
aecdcd0c0e912c532_s1,Cheung et al. (2021),YES,Cheung_et_al_2021__aecdcd0c0e912c532_s1.md
ad0eac35025a13070_s1,Chien et al. (2016),YES,Chien_et_al_2016__ad0eac35025a13070_s1.md
a8298436254387388_s1,Christopoulos & King-Casas (2015),YES,Christopoulos_King_Casas_2015__a8298436254387388_s1.md
afb6b3e3661811f86_s1,Chung et al. (2018),YES,Chung_et_al_2018__afb6b3e3661811f86_s1.md
a057516ab87b79a81_s1,Ciranka & Bos (2024),YES,Ciranka_Bos_2024__a057516ab87b79a81_s1.md
a0250aede7dd564c5_s1,Ciranka (2021),YES,Ciranka_2021__a0250aede7dd564c5_s1.md
a0250aede7dd564c5_s2,Ciranka (2021),YES,Ciranka_2021__a0250aede7dd564c5_s2.md
a867322e7b21f303d_s1,Cisler et al. (2015),YES,Cisler_et_al_2015__a867322e7b21f303d_s1.md
a20e877f71fab27e9_s1,Cisler et al. (2019),YES,Cisler_et_al_2019__a20e877f71fab27e9_s1.md
ac46ee22ccf716c5f_s1,Collette et al. (2017),YES,Collette_et_al_2017__ac46ee22ccf716c5f_s1.md
aed0e37022d326c92_s1,Collins & Juvina (2021),YES,Collins_Juvina_2021__aed0e37022d326c92_s1.md
a21d0e1221204e6a7_s1,Collins et al. (2016),YES,Collins_et_al_2016__a21d0e1221204e6a7_s1.md
aa8995e72ac240a9d_s1,Colombo (2012),YES,Colombo_2012__aa8995e72ac240a9d_s1.md
ac7c0ebf911382402_s1,Colombo et al. (2014),YES,Colombo_et_al_2014__ac7c0ebf911382402_s1.md
ac7c0ebf911382402_s2,Colombo et al. (2014),YES,Colombo_et_al_2014__ac7c0ebf911382402_s2.md
a99e972647ad3bec8_s1,Connell et al. (2022),YES,Connell_et_al_2022__a99e972647ad3bec8_s1.md
ac41b67b58fda0894_s1,Connell et al. (2022),YES,Connell_et_al_2022__ac41b67b58fda0894_s1.md
ab3bd6a979910aae4_s1,Contreras-Huerta (2021),YES,Contreras_Huerta_2021__ab3bd6a979910aae4_s1.md
a33805f70dcd7a684_s1,Cook et al. (2018),YES,Cook_et_al_2018__a33805f70dcd7a684_s1.md
a941675f73ddb4a9d_s1,Cooper et al. (2012),YES,Cooper_et_al_2012__a941675f73ddb4a9d_s1.md
a6dd1e063ef951bf7_s1,Cooper et al. (2014),YES,Cooper_et_al_2014__a6dd1e063ef951bf7_s1.md
aa7a0276ada8cc7db_s1,Cui (2021),NO,Cui_2021__aa7a0276ada8cc7db_s1.md
aa7a0276ada8cc7db_s2,Cui (2021),NO,Cui_2021__aa7a0276ada8cc7db_s2.md
aa7a0276ada8cc7db_s3,Cui (2021),NO,Cui_2021__aa7a0276ada8cc7db_s3.md
ab55cdf703297acb8_s1,Cui (2021),NO,Cui_2021__ab55cdf703297acb8_s1.md
ab55cdf703297acb8_s2,Cui (2021),NO,Cui_2021__ab55cdf703297acb8_s2.md
ab55cdf703297acb8_s3,Cui (2021),NO,Cui_2021__ab55cdf703297acb8_s3.md
ac43c16de65d32bf5_s1,Davis (2025),YES,Davis_2025__ac43c16de65d32bf5_s1.md
ac43c16de65d32bf5_s2,Davis (2025),YES,Davis_2025__ac43c16de65d32bf5_s2.md
a0a10385d71888bda_s1,Decker et al. (2015),YES,Decker_et_al_2015__a0a10385d71888bda_s1.md
a49c01d79541cb445_s1,Deffner et al. (2020),YES,Deffner_et_al_2020__a49c01d79541cb445_s1.md
a2313f01554209ba3_s1,Deffner et al. (2024),YES,Deffner_et_al_2024__a2313f01554209ba3_s1.md
abb19da2267bf8662_s1,DeJoseph (2023),YES,DeJoseph_2023__abb19da2267bf8662_s1.md
a5f0d9e7021894afb_s1,DeJoseph et al. (2024),YES,DeJoseph_et_al_2024__a5f0d9e7021894afb_s1.md
a69f025cbcb4e3d3f_s1,Deng et al. (2023),YES,Deng_et_al_2023__a69f025cbcb4e3d3f_s1.md
a026a5057e5c402fa_s1,Devaine & Daunizeau (2017),YES,Devaine_Daunizeau_2017__a026a5057e5c402fa_s1.md
ae41a6609b6740e29_s1,Devaine et al. (2014),YES,Devaine_et_al_2014__ae41a6609b6740e29_s1.md
ad8c91c1b0277d469_s1,Diaconescu et al. (2014),YES,Diaconescu_et_al_2014__ad8c91c1b0277d469_s1.md
a1b6b5214ee0f278c_s1,Diaconescu et al. (2017),YES,Diaconescu_et_al_2017__a1b6b5214ee0f278c_s1.md
a7bae18ba1c06d93c_s1,Diaconescu et al. (2020),YES,Diaconescu_et_al_2020__a7bae18ba1c06d93c_s1.md
a0c0a3b5b57e95b71_s1,Driessen et al. (2025),YES,Driessen_et_al_2025__a0c0a3b5b57e95b71_s1.md
a3ef0606f3dae7a0f_s1,Dubey (2023),YES,Dubey_2023__a3ef0606f3dae7a0f_s1.md
a48cb3593974c3b46_s1,Duderstadt et al. (2022),YES,Duderstadt_et_al_2022__a48cb3593974c3b46_s1.md
ab445c71d4d07759b_s1,Dun et al. (2024),YES,Dun_et_al_2024__ab445c71d4d07759b_s1.md
aa71946e6c9f86d56_s1,Efferson et al. (2008),YES,Efferson_et_al_2008__aa71946e6c9f86d56_s1.md
adaf4feb200605004_s1,Eisenegger et al. (2013),YES,Eisenegger_et_al_2013__adaf4feb200605004_s1.md
a0d3faac61561129c_s1,Elder et al. (2023),YES,Elder_et_al_2023__a0d3faac61561129c_s1.md
aa65ca8c435e94942_s1,Ereira et al. (2018),YES,Ereira_et_al_2018__aa65ca8c435e94942_s1.md
a4b676be68b05d63f_s1,Ereira et al. (2020),YES,Ereira_et_al_2020__a4b676be68b05d63f_s1.md
ab1248f299f347c28_s1,Ereira et al. (2020),YES,Ereira_et_al_2020__ab1248f299f347c28_s1.md
acb8a9bf7cd2f5505_s1,Ezaki et al. (2016),YES,Ezaki_et_al_2016__acb8a9bf7cd2f5505_s1.md
a522a4a6c2827b1e8_s1,Falben et al. (2023),YES,Falben_et_al_2023__a522a4a6c2827b1e8_s1.md
a713034c4a22ef323_s1,Fareri et al. (2015),YES,Fareri_et_al_2015__a713034c4a22ef323_s1.md
ae331daacca1dedbe_s1,Farmer et al. (2019),YES,Farmer_et_al_2019__ae331daacca1dedbe_s1.md
a0f14a5ff011d1dc8_s1,Feng et al. (2020),YES,Feng_et_al_2020__a0f14a5ff011d1dc8_s1.md
a0f14a5ff011d1dc8_s2,Feng et al. (2020),YES,Feng_et_al_2020__a0f14a5ff011d1dc8_s2.md
a0f14a5ff011d1dc8_s3,Feng et al. (2020),YES,Feng_et_al_2020__a0f14a5ff011d1dc8_s3.md
a0b81277f606fe157_s1,Fineberg et al. (2018),YES,Fineberg_et_al_2018__a0b81277f606fe157_s1.md
ae1d06b9cc1a41631_s1,Flournoy (2018),YES,Flournoy_2018__ae1d06b9cc1a41631_s1.md
aa09d738ea4dd18f0_s1,Fornari et al. (2023),YES,Fornari_et_al_2023__aa09d738ea4dd18f0_s1.md
ae82dd63e6420f342_s1,Fornari et al. (2023),YES,Fornari_et_al_2023__ae82dd63e6420f342_s1.md
ac358235abc2dab17_s1,Frey & McCabe (2020),YES,Frey_McCabe_2020__ac358235abc2dab17_s1.md
ae9c01d676c5bd081_s1,Frey & McCabe (2020),YES,Frey_McCabe_2020__ae9c01d676c5bd081_s1.md
aec7a0ba248d26cad_s1,Frey (2019),YES,Frey_2019__aec7a0ba248d26cad_s1.md
aec7a0ba248d26cad_s2,Frey (2019),YES,Frey_2019__aec7a0ba248d26cad_s2.md
aec7a0ba248d26cad_s3,Frey (2019),YES,Frey_2019__aec7a0ba248d26cad_s3.md
a6a7eaf0b8cc43d62_s1,Frey et al. (2021),YES,Frey_et_al_2021__a6a7eaf0b8cc43d62_s1.md
abfd52709b54c4481_s1,Frolichs et al. (2022),YES,Frolichs_et_al_2022__abfd52709b54c4481_s1.md
abfd52709b54c4481_s2,Frolichs et al. (2022),YES,Frolichs_et_al_2022__abfd52709b54c4481_s2.md
abfd52709b54c4481_s3,Frolichs et al. (2022),YES,Frolichs_et_al_2022__abfd52709b54c4481_s3.md
aad2e89eeb949f588_s1,Gadeke et al. (2020),YES,Gadeke_et_al_2020__aad2e89eeb949f588_s1.md
aad2e89eeb949f588_s2,Gadeke et al. (2020),YES,Gadeke_et_al_2020__aad2e89eeb949f588_s2.md
a4436fb2259d8f3d0_s1,Gao et al. (2020),YES,Gao_et_al_2020__a4436fb2259d8f3d0_s1.md
afaa94a3f1a607157_s1,Gao et al. (2020),YES,Gao_et_al_2020__afaa94a3f1a607157_s1.md
aa56074d11a12abcd_s1,Gaule et al. (2024),YES,Gaule_et_al_2024__aa56074d11a12abcd_s1.md
ab13df8717184ccee_s1,Gelpi (2025),NO,Gelpi_2025__ab13df8717184ccee_s1.md
ab13df8717184ccee_s2,Gelpi (2025),NO,Gelpi_2025__ab13df8717184ccee_s2.md
a894d6f4ea6856b0c_s1,Gershman et al. (2017),YES,Gershman_et_al_2017__a894d6f4ea6856b0c_s1.md
ae6935dd1f3314d0b_s1,Gesiarz (2020),YES,Gesiarz_2020__ae6935dd1f3314d0b_s1.md
a019a3130cd2a8cbe_s1,Gregorova et al. (2024),YES,Gregorova_et_al_2024__a019a3130cd2a8cbe_s1.md
aeb52cfb7ce319e37_s1,Gu et al. (2015),YES,Gu_et_al_2015__aeb52cfb7ce319e37_s1.md
ad608a8ef93ad42b6_s1,Gueguen et al. (2025),YES,Gueguen_et_al_2025__ad608a8ef93ad42b6_s1.md
adace563f08274e40_s1,Gueguen et al. (2025),YES,Gueguen_et_al_2025__adace563f08274e40_s1.md
a0cbdcc9dfd3eb389_s1,Guennouni (2022),NO,Guennouni_2022__a0cbdcc9dfd3eb389_s1.md
a0cbdcc9dfd3eb389_s2,Guennouni (2022),NO,Guennouni_2022__a0cbdcc9dfd3eb389_s2.md
a0cbdcc9dfd3eb389_s3,Guennouni (2022),NO,Guennouni_2022__a0cbdcc9dfd3eb389_s3.md
a0cbdcc9dfd3eb389_s4,Guennouni (2022),NO,Guennouni_2022__a0cbdcc9dfd3eb389_s4.md
a0cbdcc9dfd3eb389_s5,Guennouni (2022),NO,Guennouni_2022__a0cbdcc9dfd3eb389_s5.md
a595d96a627a0d6c7_s1,Guigon (2022),YES,Guigon_2022__a595d96a627a0d6c7_s1.md
a5894b4a391e9517f_s1,Guilbeault et al. (2025),YES,Guilbeault_et_al_2025__a5894b4a391e9517f_s1.md
aa1cfaa7c0b32b5c0_s1,Guo et al. (2024),YES,Guo_et_al_2024__aa1cfaa7c0b32b5c0_s1.md
aa1cfaa7c0b32b5c0_s2,Guo et al. (2024),YES,Guo_et_al_2024__aa1cfaa7c0b32b5c0_s2.md
a8d99523e77ad1011_s1,Gweon et al. (2010),YES,Gweon_et_al_2010__a8d99523e77ad1011_s1.md
a661fc88f8387f952_s1,Haaker & Olsson (2018),YES,Haaker_Olsson_2018__a661fc88f8387f952_s1.md
a95f701fd9e24ed4f_s1,Hackel & Zaki (2018),YES,Hackel_Zaki_2018__a95f701fd9e24ed4f_s1.md
a95f701fd9e24ed4f_s2,Hackel & Zaki (2018),YES,Hackel_Zaki_2018__a95f701fd9e24ed4f_s2.md
a9b9f1c6d36ab97ce_s1,Hackel et al. (2019),YES,Hackel_et_al_2019__a9b9f1c6d36ab97ce_s1.md
a9a3417e0682c84d6_s1,Hackel et al. (2020),YES,Hackel_et_al_2020__a9a3417e0682c84d6_s1.md
ac2232886939a29e2_s1,Hackel et al. (2020),YES,Hackel_et_al_2020__ac2232886939a29e2_s1.md
ae6fbb37f4487ff87_s1,Hackel et al. (2022),YES,Hackel_et_al_2022__ae6fbb37f4487ff87_s1.md
a9b473d280d0123c3_s1,Ham & Jenkins (2025),YES,Ham_Jenkins_2025__a9b473d280d0123c3_s1.md
a9b473d280d0123c3_s2,Ham & Jenkins (2025),YES,Ham_Jenkins_2025__a9b473d280d0123c3_s2.md
a9b473d280d0123c3_s3,Ham & Jenkins (2025),YES,Ham_Jenkins_2025__a9b473d280d0123c3_s3.md
a0c30267245895723_s1,Ham et al. (2025),YES,Ham_et_al_2025__a0c30267245895723_s1.md
a3bfa9c0b2d56e036_s1,Hammond et al. (2023),YES,Hammond_et_al_2023__a3bfa9c0b2d56e036_s1.md
afdcf5615fc28780d_s1,Hampton et al. (2008),YES,Hampton_et_al_2008__afdcf5615fc28780d_s1.md
a02c7c89a2ee718ad_s1,Harada (2023),YES,Harada_2023__a02c7c89a2ee718ad_s1.md
a684568d126a9a533_s1,Hardy et al. (2022),YES,Hardy_et_al_2022__a684568d126a9a533_s1.md
a684568d126a9a533_s2,Hardy et al. (2022),YES,Hardy_et_al_2022__a684568d126a9a533_s2.md
a8e4cc32c4fb15890_s1,Haruno & Kawato (2009),YES,Haruno_Kawato_2009__a8e4cc32c4fb15890_s1.md
af2e673d18005bef0_s1,Hauke (2024),NO,Hauke_2024__af2e673d18005bef0_s1.md
a321d661f8f8442f8_s1,Hauke et al. (2024),YES,Hauke_et_al_2024__a321d661f8f8442f8_s1.md
a631236efa231f350_s1,Hawkins et al. (2023),YES,Hawkins_et_al_2023__a631236efa231f350_s1.md
ae1b28d9682e98d8a_s1,Hawkins et al. (2023),YES,Hawkins_et_al_2023__ae1b28d9682e98d8a_s1.md
a6f9cb6e230fc8bce_s1,Heffner et al. (2025),YES,Heffner_et_al_2025__a6f9cb6e230fc8bce_s1.md
a49219b09016ebf46_s1,Heijne et al. (2018),YES,Heijne_et_al_2018__a49219b09016ebf46_s1.md
af87f2f9e5c91cf2a_s1,Hein et al. (2018),YES,Hein_et_al_2018__af87f2f9e5c91cf2a_s1.md
a80de13010a4dd07a_s1,Henco et al. (2020),YES,Henco_et_al_2020__a80de13010a4dd07a_s1.md
a9159d74bfbe6e921_s1,Henco et al. (2020),YES,Henco_et_al_2020__a9159d74bfbe6e921_s1.md
a66f741ba53ddd6f0_s1,Hertz et al. (2017),YES,Hertz_et_al_2017__a66f741ba53ddd6f0_s1.md
a4af8527b1cc684fd_s1,Hertz et al. (2021),YES,Hertz_et_al_2021__a4af8527b1cc684fd_s1.md
a738ffd23b825d7eb_s1,Hill et al. (2017),YES,Hill_et_al_2017__a738ffd23b825d7eb_s1.md
a6ef8f19d4f08cf77_s1,Hillebrandt (2014),YES,Hillebrandt_2014__a6ef8f19d4f08cf77_s1.md
a4aea460e9fdfae26_s1,Ho et al. (2017),YES,Ho_et_al_2017__a4aea460e9fdfae26_s1.md
a53ac421a426041d2_s1,Hofmans & Bos (2025),YES,Hofmans_Bos_2025__a53ac421a426041d2_s1.md
a9463d098431ad6f7_s1,Hopkins (2021),NO,Hopkins_2021__a9463d098431ad6f7_s1.md
a9463d098431ad6f7_s2,Hopkins (2021),NO,Hopkins_2021__a9463d098431ad6f7_s2.md
a69295c33195177a3_s1,Hough & Juvina (2022),YES,Hough_Juvina_2022__a69295c33195177a3_s1.md
a3bad33b1442f406f_s1,Huang et al. (2025),YES,Huang_et_al_2025__a3bad33b1442f406f_s1.md
a937c70ec9653c074_s1,Huang et al. (2026),YES,Huang_et_al_2026__a937c70ec9653c074_s1.md
a5fa9856df9dfb976_s1,Huber et al. (2015),YES,Huber_et_al_2015__a5fa9856df9dfb976_s1.md
a0982d65a745c9665_s1,Hula et al. (2015),YES,Hula_et_al_2015__a0982d65a745c9665_s1.md
a8ee4d53d01f352c4_s1,Hula et al. (2018),YES,Hula_et_al_2018__a8ee4d53d01f352c4_s1.md
a0b98d98d2ba787b1_s1,Hula et al. (2021),YES,Hula_et_al_2021__a0b98d98d2ba787b1_s1.md
aba1374805b0f9772_s1,Hunter et al. (2022),YES,Hunter_et_al_2022__aba1374805b0f9772_s1.md
a345fc694857a72b0_s1,Hétu et al. (2017),YES,H_tu_et_al_2017__a345fc694857a72b0_s1.md
a41e88db4ec71fbb1_s1,Ide et al. (2018),YES,Ide_et_al_2018__a41e88db4ec71fbb1_s1.md
a8bcb614a58101314_s1,Ide et al. (2018),YES,Ide_et_al_2018__a8bcb614a58101314_s1.md
a8f7679fe2ca5768f_s4,Iotzov (2022),NO,Iotzov_2022__a8f7679fe2ca5768f_s4.md
a0b4fbf3f43250a3e_s1,Jangard (2025),YES,Jangard_2025__a0b4fbf3f43250a3e_s1.md
a27a2b2cebe0c8587_s1,Jangard et al. (2025),YES,Jangard_et_al_2025__a27a2b2cebe0c8587_s1.md
a33e6f2cfa2002f06_s1,Jangard et al. (2025),YES,Jangard_et_al_2025__a33e6f2cfa2002f06_s1.md
afb8dab514dfd4d76_s1,Jansen et al. (2023),YES,Jansen_et_al_2023__afb8dab514dfd4d76_s1.md
a89991d8ca0b50e35_s1,Jiang et al. (2025),YES,Jiang_et_al_2025__a89991d8ca0b50e35_s1.md
add08712d32ca9aeb_s1,Jin et al. (2023),YES,Jin_et_al_2023__add08712d32ca9aeb_s1.md
ae615969313c207aa_s1,Jin et al. (2023),YES,Jin_et_al_2023__ae615969313c207aa_s1.md
a65eda4ccd581548e_s1,Jin et al. (2025),YES,Jin_et_al_2025__a65eda4ccd581548e_s1.md
a755398898eeb5ca3_s1,Jones et al. (2011),YES,Jones_et_al_2011__a755398898eeb5ca3_s1.md
a3fe85a37992e6e91_s1,Jones et al. (2014),YES,Jones_et_al_2014__a3fe85a37992e6e91_s1.md
a3131de84618ce7d6_s1,Kang et al. (2021),YES,Kang_et_al_2021__a3131de84618ce7d6_s1.md
a243d5dfd1ae939fc_s1,Kang et al. (2024),YES,Kang_et_al_2024__a243d5dfd1ae939fc_s1.md
a46912a9be5d7171a_s1,Karvelis et al. (2024),YES,Karvelis_et_al_2024__a46912a9be5d7171a_s1.md
a9954ad15eee76513_s1,Khalvati (2021),YES,Khalvati_2021__a9954ad15eee76513_s1.md
a9954ad15eee76513_s2,Khalvati (2021),YES,Khalvati_2021__a9954ad15eee76513_s2.md
a9954ad15eee76513_s3,Khalvati (2021),YES,Khalvati_2021__a9954ad15eee76513_s3.md
a9954ad15eee76513_s4,Khalvati (2021),YES,Khalvati_2021__a9954ad15eee76513_s4.md
a9954ad15eee76513_s5,Khalvati (2021),YES,Khalvati_2021__a9954ad15eee76513_s5.md
a7a0c89d37037a4ba_s1,Khalvati et al. (2016),YES,Khalvati_et_al_2016__a7a0c89d37037a4ba_s1.md
a26bb57d6400eea38_s1,Khalvati et al. (2019),YES,Khalvati_et_al_2019__a26bb57d6400eea38_s1.md
ad572f499ac2a7d6a_s1,Khalvati et al. (2019),YES,Khalvati_et_al_2019__ad572f499ac2a7d6a_s1.md
acb15cc5b7a80075c_s1,Kim et al. (2021),YES,Kim_et_al_2021__acb15cc5b7a80075c_s1.md
ad869b3b0665cb6ac_s1,Kim et al. (2025),YES,Kim_et_al_2025__ad869b3b0665cb6ac_s1.md
af8fa2a67a71b35a3_s1,Kim et al. (2025),YES,Kim_et_al_2025__af8fa2a67a71b35a3_s1.md
a11b7372abc90e41c_s1,King-Casas et al. (2005),YES,King_Casas_et_al_2005__a11b7372abc90e41c_s1.md
a058c75e2ab740b1d_s1,Kleberg et al. (2023),YES,Kleberg_et_al_2023__a058c75e2ab740b1d_s1.md
aed34e7341d5fced8_s1,Koban et al. (2017),YES,Koban_et_al_2017__aed34e7341d5fced8_s1.md
a95540e306d318922_s1,Koban et al. (2023),YES,Koban_et_al_2023__a95540e306d318922_s1.md
acf9caf573646169b_s1,Kobza & Bellebaum (2015),YES,Kobza_Bellebaum_2015__acf9caf573646169b_s1.md
a950c7c6f86c80e02_s1,Konovalov et al. (2021),YES,Konovalov_et_al_2021__a950c7c6f86c80e02_s1.md
a2288ea970dce3aa7_s1,Kruppa et al. (2019),YES,Kruppa_et_al_2019__a2288ea970dce3aa7_s1.md
a22a594d9a3396e5c_s1,Kumar & Steyvers (2023),YES,Kumar_Steyvers_2023__a22a594d9a3396e5c_s1.md
a1bfd75a72ec23693_s1,Kuroda et al. (2022),YES,Kuroda_et_al_2022__a1bfd75a72ec23693_s1.md
ac0dfea8131964cfb_s1,Kutlikova et al. (2023),YES,Kutlikova_et_al_2023__ac0dfea8131964cfb_s1.md
a5dcc5dc6991a975a_s1,Kwak & Huettel (2016),YES,Kwak_Huettel_2016__a5dcc5dc6991a975a_s1.md
a768d7510f53e8a45_s1,Kwak et al. (2014),YES,Kwak_et_al_2014__a768d7510f53e8a45_s1.md
acb32d7c8936fcfe9_s1,Lamba et al. (2020),YES,Lamba_et_al_2020__acb32d7c8936fcfe9_s1.md
aaf1f44b770d3f388_s1,Lau (2019),NO,Lau_2019__aaf1f44b770d3f388_s1.md
aaf1f44b770d3f388_s2,Lau (2019),NO,Lau_2019__aaf1f44b770d3f388_s2.md
aaf1f44b770d3f388_s3,Lau (2019),NO,Lau_2019__aaf1f44b770d3f388_s3.md
a2fa292c96e609b5d_s1,Lau et al. (2020),YES,Lau_et_al_2020__a2fa292c96e609b5d_s1.md
ace1dd58f58cdda90_s1,Lau et al. (2024),YES,Lau_et_al_2024__ace1dd58f58cdda90_s1.md
a8f41c34a8a0f226f_s1,Lengersdorff et al. (2020),YES,Lengersdorff_et_al_2020__a8f41c34a8a0f226f_s1.md
af2dc2132f93e9b22_s1,Lengersdorff et al. (2020),YES,Lengersdorff_et_al_2020__af2dc2132f93e9b22_s1.md
ac114abb9dde87831_s1,Leong & Zaki (2017),YES,Leong_Zaki_2017__ac114abb9dde87831_s1.md
ac114abb9dde87831_s2,Leong & Zaki (2017),YES,Leong_Zaki_2017__ac114abb9dde87831_s2.md
ac114abb9dde87831_s3,Leong & Zaki (2017),YES,Leong_Zaki_2017__ac114abb9dde87831_s3.md
a18b63d00c750fecf_s1,Levorsen et al. (2021),YES,Levorsen_et_al_2021__a18b63d00c750fecf_s1.md
a9df2b53b9da59315_s1,Li et al. (2021),YES,Li_et_al_2021__a9df2b53b9da59315_s1.md
a224dcce611192bff_s1,Li et al. (2023),YES,Li_et_al_2023__a224dcce611192bff_s1.md
a224dcce611192bff_s2,Li et al. (2023),YES,Li_et_al_2023__a224dcce611192bff_s2.md
a224dcce611192bff_s3,Li et al. (2023),YES,Li_et_al_2023__a224dcce611192bff_s3.md
a224dcce611192bff_s4,Li et al. (2023),YES,Li_et_al_2023__a224dcce611192bff_s4.md
ac804d19bfcd535f0_s1,Li et al. (2024),YES,Li_et_al_2024__ac804d19bfcd535f0_s1.md
ac804d19bfcd535f0_s2,Li et al. (2024),YES,Li_et_al_2024__ac804d19bfcd535f0_s2.md
ac804d19bfcd535f0_s3,Li et al. (2024),YES,Li_et_al_2024__ac804d19bfcd535f0_s3.md
aa2d45c0840bbbf7d_s1,Liao et al. (2021),YES,Liao_et_al_2021__aa2d45c0840bbbf7d_s1.md
aa6091f9cc6c693f0_s1,Lin et al. (2012),YES,Lin_et_al_2012__aa6091f9cc6c693f0_s1.md
ad3e6a3d753e0ec06_s1,Lindstrom & Olsson (2015),YES,Lindstrom_Olsson_2015__ad3e6a3d753e0ec06_s1.md
a6a9f8812b97f5a58_s1,Lindstrom et al. (2015),YES,Lindstrom_et_al_2015__a6a9f8812b97f5a58_s1.md
ac42c30ad279615ee_s1,Lindstrom et al. (2021),YES,Lindstrom_et_al_2021__ac42c30ad279615ee_s1.md
a8269fcbdd859d7b8_s1,Lindström & Tobler (2018),YES,Lindstr_m_Tobler_2018__a8269fcbdd859d7b8_s1.md
a82c908cc2a2d6222_s1,Lindström et al. (2019),YES,Lindstr_m_et_al_2019__a82c908cc2a2d6222_s1.md
a82c908cc2a2d6222_s2,Lindström et al. (2019),YES,Lindstr_m_et_al_2019__a82c908cc2a2d6222_s2.md
a82c908cc2a2d6222_s3,Lindström et al. (2019),YES,Lindstr_m_et_al_2019__a82c908cc2a2d6222_s3.md
ac08dd66a77134815_s1,Liu (2024),YES,Liu_2024__ac08dd66a77134815_s1.md
ac08dd66a77134815_s2,Liu (2024),YES,Liu_2024__ac08dd66a77134815_s2.md
a5eef886e2c800a4d_s1,Lockwood et al. (2016),YES,Lockwood_et_al_2016__a5eef886e2c800a4d_s1.md
aa1e8872d83056b92_s1,Lockwood et al. (2016),YES,Lockwood_et_al_2016__aa1e8872d83056b92_s1.md
afce5b549fc322d8b_s1,Lockwood et al. (2018),YES,Lockwood_et_al_2018__afce5b549fc322d8b_s1.md
a27efb8686dd0915f_s1,Lockwood et al. (2019),YES,Lockwood_et_al_2019__a27efb8686dd0915f_s1.md
af1312d6aa6d6f781_s1,Lockwood et al. (2019),YES,Lockwood_et_al_2019__af1312d6aa6d6f781_s1.md
a3820794865baaf9c_s1,Lockwood et al. (2020),YES,Lockwood_et_al_2020__a3820794865baaf9c_s1.md
aad116851b47281bd_s1,Lockwood et al. (2020),YES,Lockwood_et_al_2020__aad116851b47281bd_s1.md
a5a61bfd3d0b2ae26_s1,Low et al. (2022),YES,Low_et_al_2022__a5a61bfd3d0b2ae26_s1.md
a098ba4b86e8ffd67_s1,Luo et al. (2025),YES,Luo_et_al_2025__a098ba4b86e8ffd67_s1.md
ab9cc4e653811594c_s1,Ma et al. (2020),YES,Ma_et_al_2020__ab9cc4e653811594c_s1.md
ad853afe5ab730771_s1,Mahmoodi et al. (2024),YES,Mahmoodi_et_al_2024__ad853afe5ab730771_s1.md
aff9a4147d1697d89_s1,Maier (n.d.),NO,Maier_n_d__aff9a4147d1697d89_s1.md
ab7787bb0688efa95_s1,Maier et al.,YES,Maier_et_al__ab7787bb0688efa95_s1.md
ae00c17dc7e148cca_s1,Marienhagen et al. (2025),YES,Marienhagen_et_al_2025__ae00c17dc7e148cca_s1.md
ae1da3ab45c809053_s1,Martinez-Saito et al. (2019),YES,Martinez_Saito_et_al_2019__ae1da3ab45c809053_s1.md
a064d64d158284c23_s1,Martins et al. (2022),YES,Martins_et_al_2022__a064d64d158284c23_s1.md
a066703107fbc2fe0_s1,McElreath et al. (2005),YES,McElreath_et_al_2005__a066703107fbc2fe0_s1.md
a5827b540b620ffdf_s1,Meffert et al. (2015),YES,Meffert_et_al_2015__a5827b540b620ffdf_s1.md
afa409a62ca362e0f_s1,Mennella et al. (2022),YES,Mennella_et_al_2022__afa409a62ca362e0f_s1.md
a8f29ea7bd21570f4_s1,Mistry & Liljeholm (2019),YES,Mistry_Liljeholm_2019__a8f29ea7bd21570f4_s1.md
a8f29ea7bd21570f4_s2,Mistry & Liljeholm (2019),YES,Mistry_Liljeholm_2019__a8f29ea7bd21570f4_s2.md
a14d9513d093ee897_s1,Molins et al. (2025),YES,Molins_et_al_2025__a14d9513d093ee897_s1.md
a1c82b2a601b93eeb_s1,Moore (2015),YES,Moore_2015__a1c82b2a601b93eeb_s1.md
a382d4a752f452cfa_s1,Moreira (2022),YES,Moreira_2022__a382d4a752f452cfa_s1.md
af7418c99b2e431f9_s1,Morishita et al. (2025),YES,Morishita_et_al_2025__af7418c99b2e431f9_s1.md
a1a7bf1b4dc8e94bb_s1,Moutoussis et al. (2016),YES,Moutoussis_et_al_2016__a1a7bf1b4dc8e94bb_s1.md
ade9c058c35e6948e_s1,Moutoussis et al. (2024),YES,Moutoussis_et_al_2024__ade9c058c35e6948e_s1.md
a3eee84fe04f1d7f6_s1,Muller-Pinzler et al. (2019),YES,Muller_Pinzler_et_al_2019__a3eee84fe04f1d7f6_s1.md
aa9af9e1a3bf50f6f_s1,Müller-Pinzler et al. (2022),YES,M_ller_Pinzler_et_al_2022__aa9af9e1a3bf50f6f_s1.md
aaf6f20a11cf3f1a3_s1,Müller-Pinzler et al. (2022),YES,M_ller_Pinzler_et_al_2022__aaf6f20a11cf3f1a3_s1.md
a3ab5b69538196322_s1,Na (2021),NO,Na_2021__a3ab5b69538196322_s1.md
a3ab5b69538196322_s2,Na (2021),NO,Na_2021__a3ab5b69538196322_s2.md
a2188d678b95a3af7_s1,Na et al. (2021),YES,Na_et_al_2021__a2188d678b95a3af7_s1.md
a753ce0a16a71460a_s1,Naito et al. (2022),YES,Naito_et_al_2022__a753ce0a16a71460a_s1.md
ab75b85a308524e49_s1,Najar et al. (2019),YES,Najar_et_al_2019__ab75b85a308524e49_s1.md
a9c7e220f549232d0_s1,Najar et al. (2020),YES,Najar_et_al_2020__a9c7e220f549232d0_s1.md
a35d4c61245866a1e_s1,Namba et al. (2024),YES,Namba_et_al_2024__a35d4c61245866a1e_s1.md
af0d22b397299194d_s1,Navidi (2023),NO,Navidi_2023__af0d22b397299194d_s1.md
ac6e0c476e6fbdeea_s1,Navidi et al. (2023),YES,Navidi_et_al_2023__ac6e0c476e6fbdeea_s1.md
a95ecd2364102e984_s1,Nong et al. (2024),YES,Nong_et_al_2024__a95ecd2364102e984_s1.md
aca22588e77b2199f_s1,Nye (2014),YES,Nye_2014__aca22588e77b2199f_s1.md
ac6e6ff32b9164bef_s1,Oguchi et al. (2023),YES,Oguchi_et_al_2023__ac6e6ff32b9164bef_s1.md
ac75a46c48f334d60_s1,Oguchi et al. (2023),YES,Oguchi_et_al_2023__ac75a46c48f334d60_s1.md
a3cd58a7f769db5a7_s1,Ohnishi & Manchanda (2016),YES,Ohnishi_Manchanda_2016__a3cd58a7f769db5a7_s1.md
a0cdadbb47a85fb46_s1,Oktar et al. (2024),YES,Oktar_et_al_2024__a0cdadbb47a85fb46_s1.md
af3d5bb6cd8d9479a_s1,Ota et al. (2026),YES,Ota_et_al_2026__af3d5bb6cd8d9479a_s1.md
aed0f68157a5879e1_s1,Pan et al. (2022),YES,Pan_et_al_2022__aed0f68157a5879e1_s1.md
ad9c35b8c64437b99_s1,Pan et al. (2023),YES,Pan_et_al_2023__ad9c35b8c64437b99_s1.md
ac6f972a000227fcc_s1,Panizza (2020),YES,Panizza_2020__ac6f972a000227fcc_s1.md
ac6f972a000227fcc_s2,Panizza (2020),YES,Panizza_2020__ac6f972a000227fcc_s2.md
ac6f972a000227fcc_s3,Panizza (2020),YES,Panizza_2020__ac6f972a000227fcc_s3.md
a6b5c1c0696212ab4_s1,Panizza et al. (2021),YES,Panizza_et_al_2021__a6b5c1c0696212ab4_s1.md
aca833a84ad094374_s1,Panizza et al. (2021),YES,Panizza_et_al_2021__aca833a84ad094374_s1.md
ac3893746e8a09725_s1,Patil et al. (2020),YES,Patil_et_al_2020__ac3893746e8a09725_s1.md
a0241e9efa127ca2c_s1,Peng et al. (2024),YES,Peng_et_al_2024__a0241e9efa127ca2c_s1.md
a87df681de092cd6d_s1,Pinho et al. (2024),YES,Pinho_et_al_2024__a87df681de092cd6d_s1.md
a87df681de092cd6d_s2,Pinho et al. (2024),YES,Pinho_et_al_2024__a87df681de092cd6d_s2.md
a87df681de092cd6d_s3,Pinho et al. (2024),YES,Pinho_et_al_2024__a87df681de092cd6d_s3.md
a1b888b8698de3495_s1,Pisauro et al. (2022),YES,Pisauro_et_al_2022__a1b888b8698de3495_s1.md
a935c9d6fc7644f65_s1,Pisauro et al. (2022),YES,Pisauro_et_al_2022__a935c9d6fc7644f65_s1.md
a0ce362f529aa5f00_s1,Pärnamets & Olsson (2020),YES,P_rnamets_Olsson_2020__a0ce362f529aa5f00_s1.md
ac0d19c94aa17f8df_s1,Radell et al. (2016),YES,Radell_et_al_2016__ac0d19c94aa17f8df_s1.md
af018a421470a9ad4_s1,Radenbach et al. (2015),YES,Radenbach_et_al_2015__af018a421470a9ad4_s1.md
a23346253c62b30ea_s1,Realpe-Gomez et al. (2018),YES,Realpe_Gomez_et_al_2018__a23346253c62b30ea_s1.md
a2c08d3018fe4637d_s1,Realpe-Gomez et al. (2018),YES,Realpe_Gomez_et_al_2018__a2c08d3018fe4637d_s1.md
a0d3ac52f7335afbc_s1,Reiter et al. (2019),YES,Reiter_et_al_2019__a0d3ac52f7335afbc_s1.md
a7a46fe1cb9c1429d_s1,Reiter et al. (2021),YES,Reiter_et_al_2021__a7a46fe1cb9c1429d_s1.md
aeaf67e5f3994f403_s1,Reiter et al. (2021),YES,Reiter_et_al_2021__aeaf67e5f3994f403_s1.md
affc7fc8a336dfed4_s1,Reiter et al. (2023),YES,Reiter_et_al_2023__affc7fc8a336dfed4_s1.md
ac99aa56310d34352_s1,Rhoads (2022),NO,Rhoads_2022__ac99aa56310d34352_s1.md
a119de5d9eabacce5_s1,Rhoads et al. (2025),YES,Rhoads_et_al_2025__a119de5d9eabacce5_s1.md
a635c02bbe34f52fb_s1,Rosenblau et al. (2018),YES,Rosenblau_et_al_2018__a635c02bbe34f52fb_s1.md
a8cdfbc3ac27cf4e3_s1,Rosenblau et al. (2021),YES,Rosenblau_et_al_2021__a8cdfbc3ac27cf4e3_s1.md
af233726c38e0f373_s1,Rosenthal et al. (2019),YES,Rosenthal_et_al_2019__af233726c38e0f373_s1.md
a0af831aedaa9655c_s1,Rosler et al. (2025),YES,Rosler_et_al_2025__a0af831aedaa9655c_s1.md
a0af831aedaa9655c_s2,Rosler et al. (2025),YES,Rosler_et_al_2025__a0af831aedaa9655c_s2.md
a9762e050e082aeee_s1,Rossi-Goldthorpe et al. (2021),YES,Rossi_Goldthorpe_et_al_2021__a9762e050e082aeee_s1.md
aa28098964fa29f4a_s1,Rybicki (2022),NO,Rybicki_2022__aa28098964fa29f4a_s1.md
aa28098964fa29f4a_s2,Rybicki (2022),NO,Rybicki_2022__aa28098964fa29f4a_s2.md
a9cae99108b54e23f_s1,Safra et al. (2018),YES,Safra_et_al_2018__a9cae99108b54e23f_s1.md
a9f10240140953810_s1,Safra et al. (2018),YES,Safra_et_al_2018__a9f10240140953810_s1.md
af5870f714142a70a_s1,Safra et al. (2019),YES,Safra_et_al_2019__af5870f714142a70a_s1.md
a461a7be9cf637fef_s1,Saulin (2022),NO,Saulin_2022__a461a7be9cf637fef_s1.md
a461a7be9cf637fef_s2,Saulin (2022),NO,Saulin_2022__a461a7be9cf637fef_s2.md
a461a7be9cf637fef_s3,Saulin (2022),NO,Saulin_2022__a461a7be9cf637fef_s3.md
a461a7be9cf637fef_s4,Saulin (2022),NO,Saulin_2022__a461a7be9cf637fef_s4.md
a8f7679fe2ca5768f_s1,Saulin (2022),NO,Saulin_2022__a8f7679fe2ca5768f_s1.md
a8f7679fe2ca5768f_s2,Saulin (2022),NO,Saulin_2022__a8f7679fe2ca5768f_s2.md
a8f7679fe2ca5768f_s3,Saulin (2022),NO,Saulin_2022__a8f7679fe2ca5768f_s3.md
ab0cb8b2ffd8b28e9_s1,Saulin et al. (2024),YES,Saulin_et_al_2024__ab0cb8b2ffd8b28e9_s1.md
ab0cb8b2ffd8b28e9_s2,Saulin et al. (2024),YES,Saulin_et_al_2024__ab0cb8b2ffd8b28e9_s2.md
afacb782a99839f93_s1,Schie et al. (2023),YES,Schie_et_al_2023__afacb782a99839f93_s1.md
a161e0ddcef2f9a88_s1,Schmid & Braun (2025),YES,Schmid_Braun_2025__a161e0ddcef2f9a88_s1.md
acc0853d58c451c9c_s1,Schreiber (2023),YES,Schreiber_2023__acc0853d58c451c9c_s1.md
a9586876f56b22b88_s1,Schröder et al. (2025),YES,Schr_der_et_al_2025__a9586876f56b22b88_s1.md
a77cf800f1d2cd07a_s1,Schultner et al. (2024),YES,Schultner_et_al_2024__a77cf800f1d2cd07a_s1.md
a89810dc3e613b00c_s1,Schultner et al. (2024),YES,Schultner_et_al_2024__a89810dc3e613b00c_s1.md
a89810dc3e613b00c_s2,Schultner et al. (2024),YES,Schultner_et_al_2024__a89810dc3e613b00c_s2.md
a89810dc3e613b00c_s3,Schultner et al. (2024),YES,Schultner_et_al_2024__a89810dc3e613b00c_s3.md
a89810dc3e613b00c_s4,Schultner et al. (2024),YES,Schultner_et_al_2024__a89810dc3e613b00c_s4.md
a89810dc3e613b00c_s5,Schultner et al. (2024),YES,Schultner_et_al_2024__a89810dc3e613b00c_s5.md
a89810dc3e613b00c_s6,Schultner et al. (2024),YES,Schultner_et_al_2024__a89810dc3e613b00c_s6.md
a2f1bdf3bb71d19ad_s1,Schultner et al. (2025),YES,Schultner_et_al_2025__a2f1bdf3bb71d19ad_s1.md
a810046b519d4623e_s1,Schulz et al. (2025),YES,Schulz_et_al_2025__a810046b519d4623e_s1.md
a6de40ea666d052f4_s1,Schulze et al. (2015),YES,Schulze_et_al_2015__a6de40ea666d052f4_s1.md
a6de40ea666d052f4_s2,Schulze et al. (2015),YES,Schulze_et_al_2015__a6de40ea666d052f4_s2.md
ae1b2a9ecf9194340_s1,Seaman et al. (2023),YES,Seaman_et_al_2023__ae1b2a9ecf9194340_s1.md
af2ad2f27c098206e_s1,Seid-Fatemi & Tobler (2015),YES,Seid_Fatemi_Tobler_2015__af2ad2f27c098206e_s1.md
aaf5da550579ef6f7_s1,Selbing et al. (2014),YES,Selbing_et_al_2014__aaf5da550579ef6f7_s1.md
a5c364d5139293d80_s1,Sevgi et al. (2020),YES,Sevgi_et_al_2020__a5c364d5139293d80_s1.md
a2effa7d6a769e079_s1,Shafto & Goodman (2008),YES,Shafto_Goodman_2008__a2effa7d6a769e079_s1.md
ade766e02a2dd4206_s1,Shafto et al. (2014),YES,Shafto_et_al_2014__ade766e02a2dd4206_s1.md
a095f158fe440440f_s1,Shaw et al. (2018),YES,Shaw_et_al_2018__a095f158fe440440f_s1.md
a4c798581c32b3068_s1,Shin et al. (2019),YES,Shin_et_al_2019__a4c798581c32b3068_s1.md
a8d9fd46a0700f631_s1,Siegel (2019),NO,Siegel_2019__a8d9fd46a0700f631_s1.md
aa975564adbb29669_s1,Siegel et al. (2018),YES,Siegel_et_al_2018__aa975564adbb29669_s1.md
ae7c3b95a8b8f7d2a_s1,Siegel et al. (2019),YES,Siegel_et_al_2019__ae7c3b95a8b8f7d2a_s1.md
a8996ce4e0b44ae3c_s1,Siegel et al. (2020),YES,Siegel_et_al_2020__a8996ce4e0b44ae3c_s1.md
a31d161cea8e5f95a_s1,Slagter et al. (2023),YES,Slagter_et_al_2023__a31d161cea8e5f95a_s1.md
a71bd3ab98fb45944_s1,Son (2023),NO,Son_2023__a71bd3ab98fb45944_s1.md
a04b0629986060d45_s1,Son et al. (2021),YES,Son_et_al_2021__a04b0629986060d45_s1.md
a04b0629986060d45_s2,Son et al. (2021),YES,Son_et_al_2021__a04b0629986060d45_s2.md
a04b0629986060d45_s3,Son et al. (2021),YES,Son_et_al_2021__a04b0629986060d45_s3.md
ad6a9b35452058a43_s1,Son et al. (2023),YES,Son_et_al_2023__ad6a9b35452058a43_s1.md
a8a76a4289879e5d9_s1,Spiering et al. (2025),YES,Spiering_et_al_2025__a8a76a4289879e5d9_s1.md
a0285b6780492e31c_s1,Spiers et al. (2017),YES,Spiers_et_al_2017__a0285b6780492e31c_s1.md
a48b47874f742ff5e_s1,Stanley (2016),YES,Stanley_2016__a48b47874f742ff5e_s1.md
a6546b339f2c30246_s1,Stefanics et al. (2019),YES,Stefanics_et_al_2019__a6546b339f2c30246_s1.md
ac02bfcaa3344eedb_s1,Steixner-Kumar et al. (2022),YES,Steixner_Kumar_et_al_2022__ac02bfcaa3344eedb_s1.md
a51c8ed5a90786abc_s1,Stoddard et al. (2023),YES,Stoddard_et_al_2023__a51c8ed5a90786abc_s1.md
a5025a357ec0cf23b_s1,Story et al. (2024),YES,Story_et_al_2024__a5025a357ec0cf23b_s1.md
ab9bdfac589e098a5_s1,Story et al. (2024),YES,Story_et_al_2024__ab9bdfac589e098a5_s1.md
ad3752120fcff1c97_s1,Su et al. (2025),YES,Su_et_al_2025__ad3752120fcff1c97_s1.md
ad3752120fcff1c97_s2,Su et al. (2025),YES,Su_et_al_2025__ad3752120fcff1c97_s2.md
a0dbe04cafc314aa9_s1,Sul et al. (2015),YES,Sul_et_al_2015__a0dbe04cafc314aa9_s1.md
a30fdbe97c54f68e0_s1,Sul et al. (2015),YES,Sul_et_al_2015__a30fdbe97c54f68e0_s1.md
a045db0b5ed502025_s1,Suthaharan & Corlett (2023),YES,Suthaharan_Corlett_2023__a045db0b5ed502025_s1.md
a84b2ae0f3b82710b_s1,Suzuki et al. (2015),YES,Suzuki_et_al_2015__a84b2ae0f3b82710b_s1.md
a4e38a51c7a61c0bf_s1,Suzuki et al. (2016),YES,Suzuki_et_al_2016__a4e38a51c7a61c0bf_s1.md
a8f9db013045d1900_s1,Tarantola et al. (2017),YES,Tarantola_et_al_2017__a8f9db013045d1900_s1.md
a70bb29710dadbc8a_s1,Tehrani-Safa et al. (2023),YES,Tehrani_Safa_et_al_2023__a70bb29710dadbc8a_s1.md
aa57d04b1f68bf618_s1,Teo et al. (2022),YES,Teo_et_al_2022__aa57d04b1f68bf618_s1.md
a19d005cbfacf5616_s1,Thomas et al. (2022),YES,Thomas_et_al_2022__a19d005cbfacf5616_s1.md
a4d0cf163e6e71f5b_s1,Thompson & Westwater (2017),YES,Thompson_Westwater_2017__a4d0cf163e6e71f5b_s1.md
a31e49169e6cf1741_s1,Tomova et al. (2022),YES,Tomova_et_al_2022__a31e49169e6cf1741_s1.md
aececc2e97bdbec2b_s1,Topel et al. (2024),YES,Topel_et_al_2024__aececc2e97bdbec2b_s1.md
a2c8888de29cb7729_s1,Toyokawa & Gaissmaier (2022),YES,Toyokawa_Gaissmaier_2022__a2c8888de29cb7729_s1.md
a6e7df7b5f83f3b8c_s1,Toyokawa et al. (2018),YES,Toyokawa_et_al_2018__a6e7df7b5f83f3b8c_s1.md
a91b86671d398f473_s1,Traast et al. (2024),YES,Traast_et_al_2024__a91b86671d398f473_s1.md
a91b86671d398f473_s2,Traast et al. (2024),YES,Traast_et_al_2024__a91b86671d398f473_s2.md
a1a5092dd3224df6e_s1,Turner et al. (2025),YES,Turner_et_al_2025__a1a5092dd3224df6e_s1.md
a6b9bc33a9a00f6e5_s1,Unruh-Pinheiro et al. (2020),YES,Unruh_Pinheiro_et_al_2020__a6b9bc33a9a00f6e5_s1.md
a6f1e0378e031c979_s1,Vahedi et al. (2025),YES,Vahedi_et_al_2025__a6f1e0378e031c979_s1.md
ab33ea9da5f1f13b6_s1,Vanyukov et al. (2019),YES,Vanyukov_et_al_2019__ab33ea9da5f1f13b6_s1.md
a29f8f737795fdfad_s1,Velez & Gweon (2019),YES,Velez_Gweon_2019__a29f8f737795fdfad_s1.md
aacdf803808aa7093_s1,Vidal-Perez et al. (2025),YES,Vidal_Perez_et_al_2025__aacdf803808aa7093_s1.md
a95587b4f9d0dd433_s1,Wadhera & Kakkar (2021),YES,Wadhera_Kakkar_2021__a95587b4f9d0dd433_s1.md
a391be02b620399e0_s1,Waite et al. (2024),YES,Waite_et_al_2024__a391be02b620399e0_s1.md
a972fcd80ff0bfd61_s1,Wang et al. (2023),YES,Wang_et_al_2023__a972fcd80ff0bfd61_s1.md
ae3764f1ded3fe415_s1,Wang et al. (2023),YES,Wang_et_al_2023__ae3764f1ded3fe415_s1.md
a2174e45d82a22e2a_s1,Watanabe et al. (2013),YES,Watanabe_et_al_2013__a2174e45d82a22e2a_s1.md
ab89196503af91f3e_s1,Westhoff et al. (2020),YES,Westhoff_et_al_2020__ab89196503af91f3e_s1.md
a89f6aeb837399ffe_s1,Westhoff et al. (2021),YES,Westhoff_et_al_2021__a89f6aeb837399ffe_s1.md
ad11fe61eb364c4c2_s1,Westhoff et al. (2021),YES,Westhoff_et_al_2021__ad11fe61eb364c4c2_s1.md
ab2879a22cc94c9db_s1,Whalen et al. (2018),YES,Whalen_et_al_2018__ab2879a22cc94c9db_s1.md
afafb165757dcce50_s1,Wieland et al. (2023),YES,Wieland_et_al_2023__afafb165757dcce50_s1.md
af767ae2e8dab68a9_s1,Will et al. (2017),YES,Will_et_al_2017__af767ae2e8dab68a9_s1.md
ae1201f6829a1fb8d_s1,Will et al. (2020),YES,Will_et_al_2020__ae1201f6829a1fb8d_s1.md
ac9c48d17a2ad451e_s1,Witt et al. (2023),YES,Witt_et_al_2023__ac9c48d17a2ad451e_s1.md
aaa5af466851f84e7_s1,Wittmann et al. (2016),YES,Wittmann_et_al_2016__aaa5af466851f84e7_s1.md
a26945158028580df_s1,Wittmann et al. (2021),YES,Wittmann_et_al_2021__a26945158028580df_s1.md
a8064150791341f6a_s1,Wittmann et al. (2021),YES,Wittmann_et_al_2021__a8064150791341f6a_s1.md
ab89a28f11fb22ed2_s1,Wu et al. (2023),YES,Wu_et_al_2023__ab89a28f11fb22ed2_s1.md
a8f3eec4be8a10e95_s1,Wu et al. (2024),YES,Wu_et_al_2024__a8f3eec4be8a10e95_s1.md
a96ed8bf28c49c43c_s1,Wu et al. (2024),YES,Wu_et_al_2024__a96ed8bf28c49c43c_s1.md
ad52c397133e84328_s1,Wu et al. (2024),YES,Wu_et_al_2024__ad52c397133e84328_s1.md
ad52c397133e84328_s2,Wu et al. (2024),YES,Wu_et_al_2024__ad52c397133e84328_s2.md
a092feb2d1b67b42c_s1,Wu et al. (2025),YES,Wu_et_al_2025__a092feb2d1b67b42c_s1.md
af8c1761628990bdb_s1,Wu et al. (2025),YES,Wu_et_al_2025__af8c1761628990bdb_s1.md
a3f938d0a85d88449_s1,Wunderlich et al. (2011),YES,Wunderlich_et_al_2011__a3f938d0a85d88449_s1.md
a71954caf3dc912b6_s1,Xiang et al. (2012),YES,Xiang_et_al_2012__a71954caf3dc912b6_s1.md
a8209482cdec5baea_s1,Xu et al. (2023),YES,Xu_et_al_2023__a8209482cdec5baea_s1.md
ad82ebc97cc3bb9e3_s1,Yang et al. (2013),YES,Yang_et_al_2013__ad82ebc97cc3bb9e3_s1.md
ad3f3eebeed3451ab_s1,Yi et al. (2021),YES,Yi_et_al_2021__ad3f3eebeed3451ab_s1.md
ac0f34be605950410_s1,Yifrah (2024),YES,Yifrah_2024__ac0f34be605950410_s1.md
ac0f34be605950410_s2,Yifrah (2024),YES,Yifrah_2024__ac0f34be605950410_s2.md
a68ddc721d9a6e4ec_s1,Yifrah et al. (2021),YES,Yifrah_et_al_2021__a68ddc721d9a6e4ec_s1.md
a2aa67f2e9f38a8a5_s1,Ying et al. (2025),YES,Ying_et_al_2025__a2aa67f2e9f38a8a5_s1.md
a1d626bb04fc5f0ba_s1,Yoon et al. (2018),YES,Yoon_et_al_2018__a1d626bb04fc5f0ba_s1.md
aa29ab1115d964d7c_s1,Yoon et al. (2018),YES,Yoon_et_al_2018__aa29ab1115d964d7c_s1.md
a8b11e1958a9bf87b_s1,Yoshida et al. (2010),YES,Yoshida_et_al_2010__a8b11e1958a9bf87b_s1.md
a1bc018f207c35dac_s1,Yu & Ballard (2007),YES,Yu_Ballard_2007__a1bc018f207c35dac_s1.md
af88ac3b84155572d_s1,Yu et al. (2019),YES,Yu_et_al_2019__af88ac3b84155572d_s1.md
a4386e36047c2a720_s1,Zaki et al. (2016),YES,Zaki_et_al_2016__a4386e36047c2a720_s1.md
a81bf6f05519ac865_s1,Zaragoza-Jimenez et al. (2023),YES,Zaragoza_Jimenez_et_al_2023__a81bf6f05519ac865_s1.md
ad89fe63f862d25cb_s1,Zhang (2018),YES,Zhang_2018__ad89fe63f862d25cb_s1.md
ad89fe63f862d25cb_s2,Zhang (2018),YES,Zhang_2018__ad89fe63f862d25cb_s2.md
aa2845674ac4d1137_s1,Zhang (2020),NO,Zhang_2020__aa2845674ac4d1137_s1.md
aaab6d101a666b350_s1,Zhang (2020),NO,Zhang_2020__aaab6d101a666b350_s1.md
a3c64dbb044e603a3_s1,Zhang et al. (2022),YES,Zhang_et_al_2022__a3c64dbb044e603a3_s1.md
a1e22fa6e997143f8_s1,Zhang et al. (2024),YES,Zhang_et_al_2024__a1e22fa6e997143f8_s1.md
a00e7bc280f881edb_s1,Zhang et al. (2025),YES,Zhang_et_al_2025__a00e7bc280f881edb_s1.md
a00e7bc280f881edb_s2,Zhang et al. (2025),YES,Zhang_et_al_2025__a00e7bc280f881edb_s2.md
af12ee4644ba6ae69_s1,Zhang et al. (2025),YES,Zhang_et_al_2025__af12ee4644ba6ae69_s1.md
a10a4b2c7e36e888a_s1,Zhao et al. (2023),YES,Zhao_et_al_2023__a10a4b2c7e36e888a_s1.md
ac53f156a8e951830_s1,Zhou et al. (2024),YES,Zhou_et_al_2024__ac53f156a8e951830_s1.md
a7cc156a3678a43c8_s1,Zhou et al. (2025),YES,Zhou_et_al_2025__a7cc156a3678a43c8_s1.md
a7cc156a3678a43c8_s2,Zhou et al. (2025),YES,Zhou_et_al_2025__a7cc156a3678a43c8_s2.md
a30530da465ff788c_s1,Zhu et al. (2012),YES,Zhu_et_al_2012__a30530da465ff788c_s1.md
a64cfcd55a5c3f4aa_s1,Zhu et al. (2019),YES,Zhu_et_al_2019__a64cfcd55a5c3f4aa_s1.md
a3fea0686f1b28640_s1,Zohary et al. (2022),YES,Zohary_et_al_2022__a3fea0686f1b28640_s1.md
a089a484bca4fd63e_s1,Zonca et al. (2021),YES,Zonca_et_al_2021__a089a484bca4fd63e_s1.md
